yr,mon,day,CO2 ppm
1974,5,19,333.34
1974,5,26,332.95
1974,6,2,332.32
1974,6,9,332.18
1974,6,16,332.37
1974,6,23,331.59
1974,6,30,331.68
1974,7,7,331.44
1974,7,14,330.85
1974,7,21,330.76
1974,7,28,329.80
1974,8,4,329.85
1974,8,11,329.05
1974,8,18,329.06
1974,8,25,328.33
1974,9,1,328.05
1974,9,8,327.57
1974,9,15,326.73
1974,9,22,326.96
1974,9,29,327.31
1974,10,6,327.07
1974,10,13,327.23
1974,10,20,327.40
1974,10,27,327.64
1974,11,3,327.80
1974,11,10,328.50
1974,11,17,328.56
1974,11,24,328.46
1974,12,1,328.76
1974,12,8,329.39
1974,12,15,329.77
1974,12,22,329.96
1974,12,29,330.38
1975,1,5,330.43
1975,1,12,330.59
1975,1,19,330.80
1975,1,26,331.22
1975,2,2,331.64
1975,2,9,331.12
1975,2,16,331.41
1975,2,23,331.96
1975,3,2,331.73
1975,3,9,331.61
1975,3,16,332.11
1975,3,23,331.86
1975,3,30,333.30
1975,4,6,332.79
1975,4,13,333.31
1975,4,20,333.39
1975,4,27,333.49
1975,5,4,333.94
1975,5,11,334.25
1975,5,18,333.45
1975,5,25,334.00
1975,6,1,333.96
1975,6,8,333.32
1975,6,15,333.22
1975,6,22,333.47
1975,6,29,333.01
1975,7,6,332.32
1975,7,13,331.83
1975,7,20,331.36
1975,7,27,331.21
1975,8,3,331.01
1975,8,10,330.38
1975,8,17,329.48
1975,8,24,328.73
1975,8,31,329.24
1975,9,7,329.42
1975,9,14,327.95
1975,9,21,327.96
1975,9,28,327.97
1975,10,5,-999.99
1975,10,12,328.35
1975,10,19,328.63
1975,10,26,328.80
1975,11,2,329.03
1975,11,9,329.01
1975,11,16,329.25
1975,11,23,330.18
1975,11,30,329.72
1975,12,7,-999.99
1975,12,14,-999.99
1975,12,21,-999.99
1975,12,28,-999.99
1976,1,4,331.33
1976,1,11,331.62
1976,1,18,331.66
1976,1,25,331.87
1976,2,1,332.45
1976,2,8,332.51
1976,2,15,332.64
1976,2,22,333.49
1976,2,29,332.43
1976,3,7,332.99
1976,3,14,333.56
1976,3,21,334.15
1976,3,28,334.67
1976,4,4,335.06
1976,4,11,333.65
1976,4,18,334.50
1976,4,25,334.93
1976,5,2,334.17
1976,5,9,334.33
1976,5,16,335.29
1976,5,23,335.38
1976,5,30,334.43
1976,6,6,334.25
1976,6,13,334.18
1976,6,20,334.02
1976,6,27,-999.99
1976,7,4,333.59
1976,7,11,333.48
1976,7,18,332.41
1976,7,25,332.24
1976,8,1,331.69
1976,8,8,330.7
1976,8,15,330.44
1976,8,22,330.23
1976,8,29,330.43
1976,9,5,329.54
1976,9,12,329.54
1976,9,19,328.58
1976,9,26,328.03
1976,10,3,328.55
1976,10,10,328.54
1976,10,17,329.27
1976,10,24,328.77
1976,10,31,329.32
1976,11,7,330.46
1976,11,14,330.17
1976,11,21,330.55
1976,11,28,330.68
1976,12,5,331.19
1976,12,12,332.39
1976,12,19,331.7
1976,12,26,332.39
1977,1,2,332.29
1977,1,9,332.49
1977,1,16,332.88
1977,1,23,332.98
1977,1,30,332.93
1977,2,6,333.21
1977,2,13,333.15
1977,2,20,333.09
1977,2,27,334.34
1977,3,6,334.27
1977,3,13,335.18
1977,3,20,335.32
1977,3,27,335.16
1977,4,3,335.96
1977,4,10,335.85
1977,4,17,336.3
1977,4,24,336.58
1977,5,1,337
1977,5,8,336.58
1977,5,15,337.14
1977,5,22,336.97
1977,5,29,336.63
1977,6,5,336.12
1977,6,12,336.01
1977,6,19,336.34
1977,6,26,335.74
1977,7,3,335.46
1977,7,10,335.23
1977,7,17,334.59
1977,7,24,334.09
1977,7,31,333.42
1977,8,7,332.54
1977,8,14,332.84
1977,8,21,331.82
1977,8,28,332.25
1977,9,4,331.18
1977,9,11,331.49
1977,9,18,330.94
1977,9,25,330.92
1977,10,2,330.93
1977,10,9,331.54
1977,10,16,331.27
1977,10,23,331.36
1977,10,30,331.87
1977,11,6,332.08
1977,11,13,332.53
1977,11,20,332.92
1977,11,27,332.65
1977,12,4,333.34
1977,12,11,333.4
1977,12,18,334.03
1977,12,25,333.99
1978,1,1,334.66
1978,1,8,334.56
1978,1,15,334.94
1978,1,22,335.68
1978,1,29,335.23
1978,2,5,334.74
1978,2,12,335.27
1978,2,19,335.5
1978,2,26,335.95
1978,3,5,336.06
1978,3,12,336.73
1978,3,19,336.91
1978,3,26,337.29
1978,4,2,337.33
1978,4,9,338
1978,4,16,337.62
1978,4,23,337.87
1978,4,30,338.27
1978,5,7,338.04
1978,5,14,337.89
1978,5,21,337.79
1978,5,28,338.44
1978,6,4,338.46
1978,6,11,338.12
1978,6,18,337.62
1978,6,25,337.47
1978,7,2,336.55
1978,7,9,336.79
1978,7,16,336.34
1978,7,23,335.74
1978,7,30,335.43
1978,8,6,334.64
1978,8,13,334.69
1978,8,20,334.21
1978,8,27,333.78
1978,9,3,332.81
1978,9,10,331.86
1978,9,17,331.75
1978,9,24,332.81
1978,10,1,332.21
1978,10,8,331.85
1978,10,15,332.66
1978,10,22,332.77
1978,10,29,333.22
1978,11,5,333.57
1978,11,12,333.6
1978,11,19,334.12
1978,11,26,334.1
1978,12,3,334.46
1978,12,10,334.96
1978,12,17,335.2
1978,12,24,335.07
1978,12,31,335.2
1979,1,7,335.48
1979,1,14,336.64
1979,1,21,336.93
1979,1,28,337.02
1979,2,4,336.61
1979,2,11,336.52
1979,2,18,336.76
1979,2,25,336.97
1979,3,4,337.93
1979,3,11,338.1
1979,3,18,338.65
1979,3,25,338.97
1979,4,1,338.87
1979,4,8,338.78
1979,4,15,338.77
1979,4,22,339.38
1979,4,29,339.56
1979,5,6,338.6
1979,5,13,339.19
1979,5,20,-999.99
1979,5,27,339.8
1979,6,3,339.74
1979,6,10,339.03
1979,6,17,339.13
1979,6,24,338.92
1979,7,1,338.14
1979,7,8,337.7
1979,7,15,337.91
1979,7,22,336.67
1979,7,29,336.84
1979,8,5,336.35
1979,8,12,336.18
1979,8,19,334.81
1979,8,26,335.25
1979,9,2,333.74
1979,9,9,334.4
1979,9,16,333.61
1979,9,23,333.61
1979,9,30,334.1
1979,10,7,334.53
1979,10,14,334.09
1979,10,21,334.12
1979,10,28,334.54
1979,11,4,334.8
1979,11,11,335.34
1979,11,18,335.63
1979,11,25,335.88
1979,12,2,336.39
1979,12,9,336.72
1979,12,16,337.01
1979,12,23,337.18
1979,12,30,337.53
1980,1,6,337.4
1980,1,13,337.71
1980,1,20,338.65
1980,1,27,337.89
1980,2,3,338.47
1980,2,10,338.19
1980,2,17,338.35
1980,2,24,338.91
1980,3,2,339.51
1980,3,9,339.83
1980,3,16,339.51
1980,3,23,340.84
1980,3,30,340.64
1980,4,6,340.76
1980,4,13,340.98
1980,4,20,341.15
1980,4,27,341.35
1980,5,4,341.39
1980,5,11,341.71
1980,5,18,341.45
1980,5,25,341.32
1980,6,1,341.64
1980,6,8,341.61
1980,6,15,341.5
1980,6,22,340.76
1980,6,29,340.4
1980,7,6,339.42
1980,7,13,339.31
1980,7,20,338.77
1980,7,27,338.81
1980,8,3,336.78
1980,8,10,338.07
1980,8,17,338.36
1980,8,24,337.21
1980,8,31,336.9
1980,9,7,336.24
1980,9,14,336.24
1980,9,21,335.36
1980,9,28,335.99
1980,10,5,335.72
1980,10,12,336.11
1980,10,19,336.51
1980,10,26,336.69
1980,11,2,336.97
1980,11,9,337.49
1980,11,16,337.2
1980,11,23,337.64
1980,11,30,337.88
1980,12,7,338.11
1980,12,14,338.5
1980,12,21,338.52
1980,12,28,338.6
1981,1,4,339.12
1981,1,11,339.25
1981,1,18,339.55
1981,1,25,339.67
1981,2,1,339.89
1981,2,8,340.7
1981,2,15,340.18
1981,2,22,341.34
1981,3,1,341.23
1981,3,8,340.97
1981,3,15,341.53
1981,3,22,342.49
1981,3,29,342.23
1981,4,5,342.62
1981,4,12,342.8
1981,4,19,342.54
1981,4,26,342.71
1981,5,3,343.08
1981,5,10,343.04
1981,5,17,342.95
1981,5,24,343
1981,5,31,342.87
1981,6,7,342.83
1981,6,14,342.4
1981,6,21,342.19
1981,6,28,341.71
1981,7,5,341.3
1981,7,12,340.54
1981,7,19,340.72
1981,7,26,340.05
1981,8,2,339.3
1981,8,9,338.98
1981,8,16,338.18
1981,8,23,337.25
1981,8,30,337.6
1981,9,6,337.1
1981,9,13,336.92
1981,9,20,336.84
1981,9,27,336.24
1981,10,4,336.66
1981,10,11,337.11
1981,10,18,337.22
1981,10,25,337.68
1981,11,1,338.13
1981,11,8,338.29
1981,11,15,338.43
1981,11,22,339.23
1981,11,29,339.72
1981,12,6,339.7
1981,12,13,339.64
1981,12,20,340.03
1981,12,27,340.51
1982,1,3,340.59
1982,1,10,340.75
1982,1,17,340.8
1982,1,24,341.64
1982,1,31,341.77
1982,2,7,341.58
1982,2,14,341.34
1982,2,21,341.97
1982,2,28,342.71
1982,3,7,342.47
1982,3,14,342.71
1982,3,21,-999.99
1982,3,28,342.84
1982,4,4,343.37
1982,4,11,-999.99
1982,4,18,-999.99
1982,4,25,344.91
1982,5,2,344.24
1982,5,9,344.81
1982,5,16,344.67
1982,5,23,344.81
1982,5,30,343.96
1982,6,6,344.05
1982,6,13,344.07
1982,6,20,343.4
1982,6,27,343.28
1982,7,4,342.91
1982,7,11,342.27
1982,7,18,342.09
1982,7,25,341.76
1982,8,1,341.06
1982,8,8,340.6
1982,8,15,340.43
1982,8,22,339.15
1982,8,29,338.88
1982,9,5,338.74
1982,9,12,338.96
1982,9,19,337.24
1982,9,26,337.51
1982,10,3,337.81
1982,10,10,337.96
1982,10,17,338.25
1982,10,24,339.22
1982,10,31,339.02
1982,11,7,339.26
1982,11,14,339.56
1982,11,21,340.37
1982,11,28,339.82
1982,12,5,340.57
1982,12,12,340.81
1982,12,19,341.35
1982,12,26,341.42
1983,1,2,341.69
1983,1,9,342.18
1983,1,16,341.44
1983,1,23,341.72
1983,1,30,342.08
1983,2,6,342.78
1983,2,13,343.05
1983,2,20,343.03
1983,2,27,342.71
1983,3,6,342.63
1983,3,13,343.74
1983,3,20,344.93
1983,3,27,343.74
1983,4,3,344.74
1983,4,10,345.03
1983,4,17,345.6
1983,4,24,345.82
1983,5,1,345.64
1983,5,8,345.94
1983,5,15,346.36
1983,5,22,346.07
1983,5,29,345.95
1983,6,5,346.09
1983,6,12,345.73
1983,6,19,345.39
1983,6,26,344.96
1983,7,3,345.02
1983,7,10,344.31
1983,7,17,344.1
1983,7,24,343.39
1983,7,31,342.75
1983,8,7,-999.99
1983,8,14,342.06
1983,8,21,341.89
1983,8,28,340.95
1983,9,4,340.34
1983,9,11,340.23
1983,9,18,340.29
1983,9,25,340.39
1983,10,2,339.98
1983,10,9,340.2
1983,10,16,340.82
1983,10,23,340.67
1983,10,30,341.07
1983,11,6,341.37
1983,11,13,341.66
1983,11,20,341.71
1983,11,27,342.24
1983,12,4,342.48
1983,12,11,342.74
1983,12,18,343.43
1983,12,25,343.63
1984,1,1,344.09
1984,1,8,343.78
1984,1,15,343.98
1984,1,22,344.39
1984,1,29,344.59
1984,2,5,344.86
1984,2,12,344.67
1984,2,19,344.98
1984,2,26,344.91
1984,3,4,345.23
1984,3,11,345.52
1984,3,18,345.66
1984,3,25,345.76
1984,4,1,-999.99
1984,4,8,-999.99
1984,4,15,-999.99
1984,4,22,-999.99
1984,4,29,347.6
1984,5,6,347.36
1984,5,13,347.86
1984,5,20,347.53
1984,5,27,347.51
1984,6,3,347.07
1984,6,10,347.36
1984,6,17,346.97
1984,6,24,346.5
1984,7,1,346.21
1984,7,8,346.07
1984,7,15,345.35
1984,7,22,344.89
1984,7,29,344.74
1984,8,5,344.35
1984,8,12,344.12
1984,8,19,343.05
1984,8,26,342.12
1984,9,2,340.88
1984,9,9,341.1
1984,9,16,341.87
1984,9,23,341.24
1984,9,30,341.9
1984,10,7,341.16
1984,10,14,341.99
1984,10,21,341.91
1984,10,28,342.06
1984,11,4,342.6
1984,11,11,343.08
1984,11,18,343.53
1984,11,25,343.48
1984,12,2,-999.99
1984,12,9,344.64
1984,12,16,344.93
1984,12,23,344.7
1984,12,30,345.24
1985,1,6,345.3
1985,1,13,345.18
1985,1,20,345.18
1985,1,27,345.62
1985,2,3,346.01
1985,2,10,345.72
1985,2,17,346.49
1985,2,24,346.72
1985,3,3,347.21
1985,3,10,347.57
1985,3,17,347.92
1985,3,24,348.34
1985,3,31,348.23
1985,4,7,348.24
1985,4,14,347.94
1985,4,21,348.69
1985,4,28,348.96
1985,5,5,349.24
1985,5,12,349.1
1985,5,19,349.07
1985,5,26,348.91
1985,6,2,348.86
1985,6,9,348.55
1985,6,16,348.37
1985,6,23,347.79
1985,6,30,347.24
1985,7,7,347.1
1985,7,14,346.89
1985,7,21,346.47
1985,7,28,345.86
1985,8,4,345.33
1985,8,11,344.23
1985,8,18,344.61
1985,8,25,344.76
1985,9,1,344.14
1985,9,8,343.61
1985,9,15,343.38
1985,9,22,342.29
1985,9,29,342.34
1985,10,6,342.92
1985,10,13,342.95
1985,10,20,343.48
1985,10,27,343.75
1985,11,3,343.76
1985,11,10,344.36
1985,11,17,344.81
1985,11,24,345.29
1985,12,1,345.29
1985,12,8,345.9
1985,12,15,345.88
1985,12,22,346.04
1985,12,29,346.68
1986,1,5,346.55
1986,1,12,346.41
1986,1,19,346.78
1986,1,26,346.5
1986,2,2,346.93
1986,2,9,347.22
1986,2,16,347.63
1986,2,23,347.44
1986,3,2,346.98
1986,3,9,347.11
1986,3,16,347.88
1986,3,23,349.34
1986,3,30,349.01
1986,4,6,349.6
1986,4,13,349.79
1986,4,20,350.08
1986,4,27,350.51
1986,5,4,350.17
1986,5,11,350.59
1986,5,18,350.64
1986,5,25,350.1
1986,6,1,350.3
1986,6,8,350.29
1986,6,15,350.04
1986,6,22,349.58
1986,6,29,349.05
1986,7,6,348.81
1986,7,13,347.61
1986,7,20,347.86
1986,7,27,347.74
1986,8,3,346.7
1986,8,10,346.21
1986,8,17,345.66
1986,8,24,345.65
1986,8,31,345.22
1986,9,7,345.64
1986,9,14,345.74
1986,9,21,344.44
1986,9,28,344.86
1986,10,5,344.17
1986,10,12,344.37
1986,10,19,344.46
1986,10,26,345.27
1986,11,2,345.47
1986,11,9,345.98
1986,11,16,345.91
1986,11,23,346.27
1986,11,30,347.12
1986,12,7,347.04
1986,12,14,347.09
1986,12,21,347.23
1986,12,28,347.57
1987,1,4,348.05
1987,1,11,348.79
1987,1,18,348.55
1987,1,25,348.97
1987,2,1,348.41
1987,2,8,348.19
1987,2,15,348.91
1987,2,22,349.55
1987,3,1,349.08
1987,3,8,349.43
1987,3,15,350
1987,3,22,350.38
1987,3,29,351.1
1987,4,5,350.74
1987,4,12,351.07
1987,4,19,351.63
1987,4,26,351.73
1987,5,3,352.14
1987,5,10,352.07
1987,5,17,352.02
1987,5,24,352.32
1987,5,31,352.11
1987,6,7,351.74
1987,6,14,351.35
1987,6,21,351.35
1987,6,28,350.58
1987,7,5,350.77
1987,7,12,349.69
1987,7,19,350.21
1987,7,26,349.72
1987,8,2,347.29
1987,8,9,348.77
1987,8,16,348.22
1987,8,23,347.77
1987,8,30,346.8
1987,9,6,346.55
1987,9,13,346.81
1987,9,20,345.76
1987,9,27,346.22
1987,10,4,346.36
1987,10,11,346.56
1987,10,18,346.96
1987,10,25,346.89
1987,11,1,347.38
1987,11,8,347.51
1987,11,15,348.07
1987,11,22,348.71
1987,11,29,348.75
1987,12,6,348.73
1987,12,13,349.23
1987,12,20,349.37
1987,12,27,349.76
1988,1,3,350.14
1988,1,10,350.28
1988,1,17,350.54
1988,1,24,350.71
1988,1,31,351.72
1988,2,7,351.26
1988,2,14,351.24
1988,2,21,352.16
1988,2,28,353.04
1988,3,6,352.4
1988,3,13,351.95
1988,3,20,351.74
1988,3,27,353.05
1988,4,3,353.38
1988,4,10,353.52
1988,4,17,353.61
1988,4,24,354.4
1988,5,1,353.92
1988,5,8,354.19
1988,5,15,354.19
1988,5,22,354.65
1988,5,29,353.94
1988,6,5,354.28
1988,6,12,353.66
1988,6,19,353.34
1988,6,26,353.31
1988,7,3,352.84
1988,7,10,352.99
1988,7,17,352.93
1988,7,24,351.99
1988,7,31,350.89
1988,8,7,350.82
1988,8,14,350.14
1988,8,21,350.18
1988,8,28,349.53
1988,9,4,348.85
1988,9,11,349.13
1988,9,18,348.86
1988,9,25,348.75
1988,10,2,348.95
1988,10,9,348.69
1988,10,16,349.3
1988,10,23,349.45
1988,10,30,349.77
1988,11,6,349.86
1988,11,13,350.15
1988,11,20,350.56
1988,11,27,350.61
1988,12,4,350.9
1988,12,11,351.44
1988,12,18,351.57
1988,12,25,352.08
1989,1,1,352.48
1989,1,8,353.15
1989,1,15,353
1989,1,22,352.67
1989,1,29,353.31
1989,2,5,352.8
1989,2,12,353.29
1989,2,19,353.62
1989,2,26,353.77
1989,3,5,353.63
1989,3,12,353.58
1989,3,19,354.09
1989,3,26,354.78
1989,4,2,354.75
1989,4,9,355.4
1989,4,16,356.08
1989,4,23,356.32
1989,4,30,355.76
1989,5,7,355.58
1989,5,14,356.11
1989,5,21,355.96
1989,5,28,356.13
1989,6,4,355.57
1989,6,11,355.46
1989,6,18,354.98
1989,6,25,355
1989,7,2,354.76
1989,7,9,354.41
1989,7,16,353.55
1989,7,23,353.26
1989,7,30,353.22
1989,8,6,352.62
1989,8,13,351.95
1989,8,20,350.75
1989,8,27,350.74
1989,9,3,350.96
1989,9,10,349.39
1989,9,17,349.55
1989,9,24,349.9
1989,10,1,350.41
1989,10,8,349.86
1989,10,15,350.34
1989,10,22,350.7
1989,10,29,350.44
1989,11,5,351.32
1989,11,12,351.64
1989,11,19,351.84
1989,11,26,352.05
1989,12,3,352.3
1989,12,10,353.07
1989,12,17,352.9
1989,12,24,352.98
1989,12,31,353.67
1990,1,7,353.53
1990,1,14,353.93
1990,1,21,353.87
1990,1,28,354.34
1990,2,4,354.98
1990,2,11,355.03
1990,2,18,355.37
1990,2,25,355.12
1990,3,4,355.7
1990,3,11,355.73
1990,3,18,355.48
1990,3,25,356.07
1990,4,1,356.21
1990,4,8,356.11
1990,4,15,356.16
1990,4,22,356.81
1990,4,29,356.93
1990,5,6,357.65
1990,5,13,357.2
1990,5,20,357.28
1990,5,27,357.33
1990,6,3,356.93
1990,6,10,356.2
1990,6,17,356.13
1990,6,24,355.74
1990,7,1,356.17
1990,7,8,354.95
1990,7,15,354.25
1990,7,22,354.33
1990,7,29,353.95
1990,8,5,353.13
1990,8,12,353.41
1990,8,19,353.01
1990,8,26,351.73
1990,9,2,351.09
1990,9,9,350.8
1990,9,16,351.69
1990,9,23,351.39
1990,9,30,351.33
1990,10,7,351.48
1990,10,14,351.51
1990,10,21,351.65
1990,10,28,352.33
1990,11,4,352.64
1990,11,11,353.08
1990,11,18,353.38
1990,11,25,353.62
1990,12,2,353.83
1990,12,9,354.39
1990,12,16,354.26
1990,12,23,354.75
1990,12,30,354.71
1991,1,6,354.5
1991,1,13,354.93
1991,1,20,354.85
1991,1,27,355.52
1991,2,3,355.23
1991,2,10,355.78
1991,2,17,356.43
1991,2,24,355.73
1991,3,3,357.08
1991,3,10,357.65
1991,3,17,357.17
1991,3,24,357.39
1991,3,31,358.34
1991,4,7,357.97
1991,4,14,358.65
1991,4,21,359.26
1991,4,28,359.19
1991,5,5,358.86
1991,5,12,359.34
1991,5,19,359.65
1991,5,26,358.74
1991,6,2,358.28
1991,6,9,358.45
1991,6,16,358.07
1991,6,23,357.8
1991,6,30,357.2
1991,7,7,356.67
1991,7,14,356.13
1991,7,21,355.15
1991,7,28,355.45
1991,8,4,354.5
1991,8,11,354.29
1991,8,18,353.21
1991,8,25,353.01
1991,9,1,353.04
1991,9,8,352.51
1991,9,15,351.86
1991,9,22,351.88
1991,9,29,351.66
1991,10,6,352.05
1991,10,13,352.52
1991,10,20,352.69
1991,10,27,352.94
1991,11,3,353.75
1991,11,10,353.71
1991,11,17,353.83
1991,11,24,354.1
1991,12,1,354.56
1991,12,8,354.9
1991,12,15,355.14
1991,12,22,355.5
1991,12,29,356.46
1992,1,5,356.11
1992,1,12,356.25
1992,1,19,356.29
1992,1,26,356.09
1992,2,2,356.89
1992,2,9,357.12
1992,2,16,357.29
1992,2,23,357.26
1992,3,1,356.62
1992,3,8,357.87
1992,3,15,358.3
1992,3,22,358.77
1992,3,29,357.96
1992,4,5,359.13
1992,4,12,359.16
1992,4,19,359.65
1992,4,26,359.26
1992,5,3,359.69
1992,5,10,358.94
1992,5,17,359.13
1992,5,24,360.4
1992,5,31,360.47
1992,6,7,359.77
1992,6,14,358.88
1992,6,21,358.64
1992,6,28,358.77
1992,7,5,357.68
1992,7,12,356.93
1992,7,19,356.36
1992,7,26,355.61
1992,8,2,355.27
1992,8,9,355.62
1992,8,16,355.33
1992,8,23,354.34
1992,8,30,352.89
1992,9,6,354.07
1992,9,13,352.87
1992,9,20,352.6
1992,9,27,352.86
1992,10,4,353.24
1992,10,11,353.58
1992,10,18,353.2
1992,10,25,353.17
1992,11,1,354.26
1992,11,8,353.94
1992,11,15,354.16
1992,11,22,354.72
1992,11,29,354.84
1992,12,6,355.28
1992,12,13,355.44
1992,12,20,355.99
1992,12,27,356.28
1993,1,3,356.93
1993,1,10,357.22
1993,1,17,356.85
1993,1,24,357.05
1993,1,31,357.28
1993,2,7,356.99
1993,2,14,357.16
1993,2,21,357.79
1993,2,28,358.57
1993,3,7,358.32
1993,3,14,358.67
1993,3,21,357.84
1993,3,28,359.19
1993,4,4,358.83
1993,4,11,359.1
1993,4,18,359.63
1993,4,25,359.75
1993,5,2,359.47
1993,5,9,360.12
1993,5,16,360.55
1993,5,23,360.75
1993,5,30,359.99
1993,6,6,359.77
1993,6,13,359.65
1993,6,20,359.18
1993,6,27,358.69
1993,7,4,357.72
1993,7,11,357.72
1993,7,18,357.1
1993,7,25,356.53
1993,8,1,356.43
1993,8,8,355.77
1993,8,15,355.41
1993,8,22,354.83
1993,8,29,354.8
1993,9,5,354.18
1993,9,12,353.84
1993,9,19,353.99
1993,9,26,354.16
1993,10,3,354.06
1993,10,10,353.88
1993,10,17,354.36
1993,10,24,354.34
1993,10,31,354.63
1993,11,7,355.01
1993,11,14,355.61
1993,11,21,355.99
1993,11,28,356.14
1993,12,5,356.52
1993,12,12,356.64
1993,12,19,357.53
1993,12,26,357.48
1994,1,2,358.11
1994,1,9,358.12
1994,1,16,358.4
1994,1,23,358.24
1994,1,30,358.28
1994,2,6,358.92
1994,2,13,358.64
1994,2,20,359.39
1994,2,27,358.88
1994,3,6,359.35
1994,3,13,360.46
1994,3,20,360.6
1994,3,27,360.81
1994,4,3,361.09
1994,4,10,361.01
1994,4,17,361.3
1994,4,24,361.81
1994,5,1,361.98
1994,5,8,361.38
1994,5,15,361.7
1994,5,22,361.51
1994,5,29,361.41
1994,6,5,360.89
1994,6,12,360.89
1994,6,19,360.82
1994,6,26,360.02
1994,7,3,359.95
1994,7,10,359.64
1994,7,17,359.21
1994,7,24,358.83
1994,7,31,358.45
1994,8,7,357.88
1994,8,14,357.7
1994,8,21,356.87
1994,8,28,356.19
1994,9,4,356.48
1994,9,11,355.26
1994,9,18,355.67
1994,9,25,355.35
1994,10,2,355.7
1994,10,9,355.85
1994,10,16,356.14
1994,10,23,356.56
1994,10,30,356.68
1994,11,6,356.97
1994,11,13,358.15
1994,11,20,357.65
1994,11,27,358.07
1994,12,4,358.74
1994,12,11,359.38
1994,12,18,358.82
1994,12,25,359.34
1995,1,1,359.7
1995,1,8,359.54
1995,1,15,360.37
1995,1,22,360.03
1995,1,29,360.14
1995,2,5,360.76
1995,2,12,361.05
1995,2,19,361.01
1995,2,26,361.68
1995,3,5,361.78
1995,3,12,361.1
1995,3,19,361.76
1995,3,26,362.84
1995,4,2,363.75
1995,4,9,362.81
1995,4,16,363.01
1995,4,23,363.51
1995,4,30,362.83
1995,5,7,363.85
1995,5,14,364.4
1995,5,21,363.67
1995,5,28,363.67
1995,6,4,363.79
1995,6,11,363.05
1995,6,18,362.91
1995,6,25,362.44
1995,7,2,362.31
1995,7,9,362.1
1995,7,16,361.42
1995,7,23,360.99
1995,7,30,360.14
1995,8,6,359.76
1995,8,13,358.76
1995,8,20,358.66
1995,8,27,357.84
1995,9,3,358.31
1995,9,10,358.58
1995,9,17,358.77
1995,9,24,357.59
1995,10,1,357.81
1995,10,8,357.72
1995,10,15,357.99
1995,10,22,358.23
1995,10,29,358.83
1995,11,5,359.09
1995,11,12,359.49
1995,11,19,359.8
1995,11,26,359.82
1995,12,3,360.21
1995,12,10,360.55
1995,12,17,360.62
1995,12,24,361.4
1995,12,31,361.84
1996,1,7,362.19
1996,1,14,361.91
1996,1,21,362.21
1996,1,28,362.34
1996,2,4,362.92
1996,2,11,363.03
1996,2,18,363.57
1996,2,25,363.93
1996,3,3,364.09
1996,3,10,363.69
1996,3,17,364.45
1996,3,24,364.49
1996,3,31,364.25
1996,4,7,364.61
1996,4,14,364.7
1996,4,21,364.55
1996,4,28,365.02
1996,5,5,364.69
1996,5,12,365.47
1996,5,19,365.28
1996,5,26,365.04
1996,6,2,364.97
1996,6,9,365.28
1996,6,16,365.07
1996,6,23,364.5
1996,6,30,364.42
1996,7,7,363.82
1996,7,14,363.5
1996,7,21,363.12
1996,7,28,362.04
1996,8,4,362.03
1996,8,11,361.79
1996,8,18,361.01
1996,8,25,360.86
1996,9,1,360.08
1996,9,8,359.94
1996,9,15,359.01
1996,9,22,359.22
1996,9,29,359.29
1996,10,6,359.44
1996,10,13,359.76
1996,10,20,359.52
1996,10,27,359.98
1996,11,3,360.27
1996,11,10,360.85
1996,11,17,361.37
1996,11,24,361.25
1996,12,1,361.63
1996,12,8,362.23
1996,12,15,362.48
1996,12,22,362.32
1996,12,29,362.76
1997,1,5,362.96
1997,1,12,362.97
1997,1,19,363.5
1997,1,26,363.2
1997,2,2,363.56
1997,2,9,364.29
1997,2,16,363.64
1997,2,23,364.74
1997,3,2,363.87
1997,3,9,364.16
1997,3,16,364.63
1997,3,23,365.19
1997,3,30,365.74
1997,4,6,365.96
1997,4,13,366.5
1997,4,20,366.7
1997,4,27,366.61
1997,5,4,366.48
1997,5,11,366.82
1997,5,18,367.01
1997,5,25,366.24
1997,6,1,366.07
1997,6,8,365.76
1997,6,15,365.35
1997,6,22,365.22
1997,6,29,365.1
1997,7,6,364.78
1997,7,13,364.47
1997,7,20,363.6
1997,7,27,363.58
1997,8,3,363.19
1997,8,10,362.63
1997,8,17,361.19
1997,8,24,361.54
1997,8,31,361.44
1997,9,7,360.08
1997,9,14,360.33
1997,9,21,359.88
1997,9,28,359.99
1997,10,5,360.53
1997,10,12,360.72
1997,10,19,361.02
1997,10,26,361.3
1997,11,2,362.05
1997,11,9,362.14
1997,11,16,362.52
1997,11,23,363.27
1997,11,30,363.95
1997,12,7,364.04
1997,12,14,364.33
1997,12,21,364.75
1997,12,28,365.03
1998,1,4,365.31
1998,1,11,365.31
1998,1,18,365.1
1998,1,25,365.38
1998,2,1,365.97
1998,2,8,365.62
1998,2,15,365.67
1998,2,22,366.67
1998,3,1,367.1
1998,3,8,366.66
1998,3,15,366.83
1998,3,22,367.77
1998,3,29,368.81
1998,4,5,368.34
1998,4,12,368.47
1998,4,19,368.35
1998,4,26,369.55
1998,5,3,369.72
1998,5,10,368.32
1998,5,17,369.58
1998,5,24,369.94
1998,5,31,369.61
1998,6,7,369.14
1998,6,14,368.8
1998,6,21,368.75
1998,6,28,368.19
1998,7,5,368.41
1998,7,12,367.73
1998,7,19,367.9
1998,7,26,367.1
1998,8,2,366.9
1998,8,9,366.23
1998,8,16,365.54
1998,8,23,365.34
1998,8,30,364.74
1998,9,6,364.32
1998,9,13,363.65
1998,9,20,363.51
1998,9,27,364.06
1998,10,4,364.1
1998,10,11,364.3
1998,10,18,364.53
1998,10,25,364.79
1998,11,1,364.94
1998,11,8,365.39
1998,11,15,365.95
1998,11,22,365.82
1998,11,29,366.59
1998,12,6,366.8
1998,12,13,367.15
1998,12,20,367.28
1998,12,27,367.63
1999,1,3,367.8
1999,1,10,368.1
1999,1,17,367.82
1999,1,24,369.08
1999,1,31,369.27
1999,2,7,369.11
1999,2,14,368.62
1999,2,21,369.08
1999,2,28,368.03
1999,3,7,369.24
1999,3,14,370.18
1999,3,21,370.56
1999,3,28,370.66
1999,4,4,371.73
1999,4,11,371.51
1999,4,18,370.29
1999,4,25,370.6
1999,5,2,371.52
1999,5,9,371.07
1999,5,16,370.58
1999,5,23,370.72
1999,5,30,370.71
1999,6,6,370.39
1999,6,13,370.41
1999,6,20,369.89
1999,6,27,369.78
1999,7,4,370.05
1999,7,11,370.13
1999,7,18,369.09
1999,7,25,368.27
1999,8,1,367.7
1999,8,8,367.35
1999,8,15,366.6
1999,8,22,366.27
1999,8,29,365.18
1999,9,5,364.36
1999,9,12,365.16
1999,9,19,365.05
1999,9,26,364.67
1999,10,3,365.15
1999,10,10,365.19
1999,10,17,365.6
1999,10,24,365.65
1999,10,31,365.98
1999,11,7,366.65
1999,11,14,366.76
1999,11,21,367.08
1999,11,28,367.44
1999,12,5,367.87
1999,12,12,367.89
1999,12,19,368.27
1999,12,26,368.73
2000,1,2,368.74
2000,1,9,368.87
2000,1,16,370.03
2000,1,23,370.08
2000,1,30,369.26
2000,2,6,369.61
2000,2,13,369.98
2000,2,20,369.36
2000,2,27,370.11
2000,3,5,370.07
2000,3,12,370.64
2000,3,19,370.93
2000,3,26,371.13
2000,4,2,371.06
2000,4,9,372
2000,4,16,372.33
2000,4,23,371.92
2000,4,30,370.91
2000,5,7,371.88
2000,5,14,371.5
2000,5,21,372.08
2000,5,28,371.87
2000,6,4,371.92
2000,6,11,371.67
2000,6,18,371.79
2000,6,25,371.25
2000,7,2,370.22
2000,7,9,370.15
2000,7,16,369.94
2000,7,23,369.19
2000,7,30,368.93
2000,8,6,368.48
2000,8,13,368.25
2000,8,20,367.56
2000,8,27,367.56
2000,9,3,367.18
2000,9,10,367.19
2000,9,17,366.74
2000,9,24,366.72
2000,10,1,366.65
2000,10,8,366.73
2000,10,15,366.99
2000,10,22,367.47
2000,10,29,367.85
2000,11,5,368.05
2000,11,12,368.59
2000,11,19,368.48
2000,11,26,368.69
2000,12,3,369.68
2000,12,10,369.66
2000,12,17,369.64
2000,12,24,369.86
2000,12,31,370.17
2001,1,7,370.3
2001,1,14,370.67
2001,1,21,370.52
2001,1,28,371.36
2001,2,4,371.58
2001,2,11,371.96
2001,2,18,371.48
2001,2,25,371.73
2001,3,4,372.19
2001,3,11,372.53
2001,3,18,372.54
2001,3,25,372.34
2001,4,1,372.45
2001,4,8,373.61
2001,4,15,373.7
2001,4,22,373.6
2001,4,29,373.55
2001,5,6,373.93
2001,5,13,373.74
2001,5,20,373.9
2001,5,27,373.87
2001,6,3,373.47
2001,6,10,373.05
2001,6,17,373.11
2001,6,24,373.02
2001,7,1,372.48
2001,7,8,371.34
2001,7,15,371.3
2001,7,22,370.87
2001,7,29,370.88
2001,8,5,369.92
2001,8,12,369.2
2001,8,19,369.32
2001,8,26,369.28
2001,9,2,368.33
2001,9,9,368.56
2001,9,16,368.05
2001,9,23,367.81
2001,9,30,368.07
2001,10,7,368.29
2001,10,14,368.18
2001,10,21,368.71
2001,10,28,369.12
2001,11,4,369.09
2001,11,11,369.83
2001,11,18,370.22
2001,11,25,370.44
2001,12,2,370.78
2001,12,9,371.23
2001,12,16,371.26
2001,12,23,371.69
2001,12,30,372.2
2002,1,6,372.2
2002,1,13,372.74
2002,1,20,372.58
2002,1,27,372.82
2002,2,3,372.95
2002,2,10,373
2002,2,17,373.08
2002,2,24,373.74
2002,3,3,373.88
2002,3,10,374.13
2002,3,17,374.64
2002,3,24,374.28
2002,3,31,374.26
2002,4,7,374.53
2002,4,14,375.23
2002,4,21,375.41
2002,4,28,376.05
2002,5,5,375.6
2002,5,12,375.07
2002,5,19,375.93
2002,5,26,376.24
2002,6,2,375.9
2002,6,9,375.45
2002,6,16,375.23
2002,6,23,375.49
2002,6,30,374.82
2002,7,7,374.47
2002,7,14,374.01
2002,7,21,373.34
2002,7,28,373.33
2002,8,4,372.57
2002,8,11,371.81
2002,8,18,371.33
2002,8,25,370.93
2002,9,1,370.26
2002,9,8,371.63
2002,9,15,370.83
2002,9,22,370.5
2002,9,29,369.88
2002,10,6,369.91
2002,10,13,371.24
2002,10,20,370.68
2002,10,27,371.06
2002,11,3,371.97
2002,11,10,371.86
2002,11,17,372.73
2002,11,24,372.77
2002,12,1,373.04
2002,12,8,373.59
2002,12,15,373.57
2002,12,22,374.47
2002,12,29,374.69
2003,1,5,374.55
2003,1,12,375.02
2003,1,19,374.92
2003,1,26,375.3
2003,2,2,375.17
2003,2,9,375.11
2003,2,16,376.38
2003,2,23,376.02
2003,3,2,376.3
2003,3,9,376.36
2003,3,16,375.96
2003,3,23,377
2003,3,30,376.85
2003,4,6,377.13
2003,4,13,377.79
2003,4,20,378.35
2003,4,27,378.63
2003,5,4,378.07
2003,5,11,378.07
2003,5,18,379.43
2003,5,25,378.72
2003,6,1,378.42
2003,6,8,378.49
2003,6,15,378.12
2003,6,22,378.31
2003,6,29,377.58
2003,7,6,376.57
2003,7,13,377.23
2003,7,20,376.39
2003,7,27,375.91
2003,8,3,374.94
2003,8,10,374.67
2003,8,17,373.89
2003,8,24,373.44
2003,8,31,373.21
2003,9,7,373.12
2003,9,14,372.88
2003,9,21,373.35
2003,9,28,373.28
2003,10,5,372.92
2003,10,12,372.79
2003,10,19,373.43
2003,10,26,373.4
2003,11,2,373.96
2003,11,9,374.52
2003,11,16,374.89
2003,11,23,375.27
2003,11,30,375.32
2003,12,7,375.74
2003,12,14,376.34
2003,12,21,376.14
2003,12,28,376.35
2004,1,4,376.34
2004,1,11,376.95
2004,1,18,377.12
2004,1,25,377.95
2004,2,1,377.87
2004,2,8,378.43
2004,2,15,377.49
2004,2,22,377.62
2004,2,29,378.29
2004,3,7,378.96
2004,3,14,379.23
2004,3,21,378.5
2004,3,28,379.72
2004,4,4,380
2004,4,11,380.73
2004,4,18,380.38
2004,4,25,380.64
2004,5,2,380.72
2004,5,9,380.71
2004,5,16,380.25
2004,5,23,381.07
2004,5,30,379.94
2004,6,6,380.09
2004,6,13,380.16
2004,6,20,379.37
2004,6,27,379.14
2004,7,4,378.33
2004,7,11,377.89
2004,7,18,376.74
2004,7,25,376.42
2004,8,1,376.76
2004,8,8,376.26
2004,8,15,375.77
2004,8,22,376.09
2004,8,29,373.99
2004,9,5,374.44
2004,9,12,374.05
2004,9,19,374.4
2004,9,26,374.31
2004,10,3,373.98
2004,10,10,374.22
2004,10,17,374.57
2004,10,24,374.96
2004,10,31,375.31
2004,11,7,375.44
2004,11,14,376.8
2004,11,21,376.73
2004,11,28,376.82
2004,12,5,377.54
2004,12,12,377.24
2004,12,19,377.78
2004,12,26,377.83
2005,1,2,378.21
2005,1,9,378.44
2005,1,16,378.35
2005,1,23,378.63
2005,1,30,379.42
2005,2,6,379.23
2005,2,13,379.92
2005,2,20,379.87
2005,2,27,381.36
2005,3,6,380.06
2005,3,13,381.28
2005,3,20,380.22
2005,3,27,381.76
2005,4,3,382.3
2005,4,10,382.1
2005,4,17,382.18
2005,4,24,382.57
2005,5,1,381.94
2005,5,8,381.98
2005,5,15,382.63
2005,5,22,383.01
2005,5,29,382.79
2005,6,5,382.63
2005,6,12,382.41
2005,6,19,381.95
2005,6,26,381.36
2005,7,3,381.11
2005,7,10,380.85
2005,7,17,380.74
2005,7,24,380.14
2005,7,31,379.83
2005,8,7,378.9
2005,8,14,378.83
2005,8,21,378
2005,8,28,377.95
2005,9,4,377.32
2005,9,11,376.16
2005,9,18,376.35
2005,9,25,376.46
2005,10,2,376.65
2005,10,9,376.91
2005,10,16,-999.99
2005,10,23,377.52
2005,10,30,377.8
2005,11,6,377.94
2005,11,13,378.86
2005,11,20,378.48
2005,11,27,379.02
2005,12,4,379.93
2005,12,11,380.18
2005,12,18,380.24
2005,12,25,380.49
2006,1,1,381.26
2006,1,8,381.2
2006,1,15,381.55
2006,1,22,381.62
2006,1,29,381.62
2006,2,5,382.28
2006,2,12,382.59
2006,2,19,381.94
2006,2,26,382.14
2006,3,5,382.89
2006,3,12,382.89
2006,3,19,382.91
2006,3,26,382.43
2006,4,2,384.17
2006,4,9,384.74
2006,4,16,384.86
2006,4,23,384.76
2006,4,30,384.88
2006,5,7,385.03
2006,5,14,385.32
2006,5,21,384.96
2006,5,28,384.66
2006,6,4,384.18
2006,6,11,384.28
2006,6,18,383.93
2006,6,25,383.44
2006,7,2,383.11
2006,7,9,382.83
2006,7,16,381.8
2006,7,23,382.11
2006,7,30,381.51
2006,8,6,380.59
2006,8,13,380.4
2006,8,20,379.79
2006,8,27,379.55
2006,9,3,378.69
2006,9,10,379.14
2006,9,17,378.66
2006,9,24,378.87
2006,10,1,378.92
2006,10,8,378.9
2006,10,15,378.93
2006,10,22,379.48
2006,10,29,379.64
2006,11,5,379.76
2006,11,12,380
2006,11,19,380.38
2006,11,26,381.24
2006,12,3,381.47
2006,12,10,381.7
2006,12,17,382.18
2006,12,24,382
2006,12,31,382.08
2007,1,7,382.92
2007,1,14,382.43
2007,1,21,383.55
2007,1,28,383.67
2007,2,4,383.26
2007,2,11,384.81
2007,2,18,384.71
2007,2,25,384
2007,3,4,383.41
2007,3,11,384.33
2007,3,18,385.08
2007,3,25,385.85
2007,4,1,385.85
2007,4,8,385.78
2007,4,15,387.29
2007,4,22,386.96
2007,4,29,386.6
2007,5,6,386.25
2007,5,13,386.65
2007,5,20,386.51
2007,5,27,386.91
2007,6,3,386.9
2007,6,10,386.43
2007,6,17,385.7
2007,6,24,385.04
2007,7,1,385.38
2007,7,8,385.12
2007,7,15,384.08
2007,7,22,383.8
2007,7,29,382.87
2007,8,5,382.39
2007,8,12,381.87
2007,8,19,382.09
2007,8,26,381.62
2007,9,2,381.52
2007,9,9,380.65
2007,9,16,380.79
2007,9,23,380.67
2007,9,30,380.87
2007,10,7,380.94
2007,10,14,381.02
2007,10,21,381.34
2007,10,28,381.75
2007,11,4,382.01
2007,11,11,382.21
2007,11,18,383.04
2007,11,25,382.87
2007,12,2,383.66
2007,12,9,383.68
2007,12,16,384.38
2007,12,23,383.88
2007,12,30,384.76
2008,1,6,384.39
2008,1,13,385.79
2008,1,20,385.99
2008,1,27,386.76
2008,2,3,386.01
2008,2,10,385.95
2008,2,17,385.3
2008,2,24,385.36
2008,3,2,385.81
2008,3,9,385.72
2008,3,16,385.82
2008,3,23,386.74
2008,3,30,388.09
2008,4,6,386.73
2008,4,13,386.48
2008,4,20,387.33
2008,4,27,387.27
2008,5,4,388.52
2008,5,11,388.87
2008,5,18,388.89
2008,5,25,388.59
2008,6,1,388.54
2008,6,8,387.47
2008,6,15,387.88
2008,6,22,387.34
2008,6,29,-999.99
2008,7,6,-999.99
2008,7,13,-999.99
2008,7,20,386.37
2008,7,27,384.9
2008,8,3,385.23
2008,8,10,383.93
2008,8,17,383.68
2008,8,24,383.3
2008,8,31,383.51
2008,9,7,383.03
2008,9,14,383.37
2008,9,21,383.06
2008,9,28,382.75
2008,10,5,382.87
2008,10,12,382.85
2008,10,19,383.07
2008,10,26,383.99
2008,11,2,383.79
2008,11,9,384.11
2008,11,16,384.34
2008,11,23,384.49
2008,11,30,385.05
2008,12,7,385.29
2008,12,14,385.54
2008,12,21,385.93
2008,12,28,386.23
2009,1,4,386.4
2009,1,11,387.02
2009,1,18,387.14
2009,1,25,387.5
2009,2,1,387.03
2009,2,8,386.94
2009,2,15,387.62
2009,2,22,388.22
2009,3,1,389.08
2009,3,8,388.8
2009,3,15,388.2
2009,3,22,389.29
2009,3,29,389.04
2009,4,5,389.43
2009,4,12,388.93
2009,4,19,389.56
2009,4,26,390.52
2009,5,3,389.76
2009,5,10,390.17
2009,5,17,390.38
2009,5,24,390.41
2009,5,31,389.85
2009,6,7,390.2
2009,6,14,389.42
2009,6,21,388.49
2009,6,28,388.69
2009,7,5,388.48
2009,7,12,388.36
2009,7,19,387.68
2009,7,26,387.37
2009,8,2,387.06
2009,8,9,386.01
2009,8,16,385.7
2009,8,23,385.86
2009,8,30,385.15
2009,9,6,384.69
2009,9,13,384.76
2009,9,20,384.62
2009,9,27,384.03
2009,10,4,383.88
2009,10,11,384.38
2009,10,18,384.71
2009,10,25,385.01
2009,11,1,385.36
2009,11,8,385.69
2009,11,15,386.34
2009,11,22,386.38
2009,11,29,387.07
2009,12,6,386.97
2009,12,13,386.87
2009,12,20,388.4
2009,12,27,388.6
2010,1,3,388.17
2010,1,10,388.33
2010,1,17,388.33
2010,1,24,389.01
2010,1,31,390.71
2010,2,7,390.35
2010,2,14,390.22
2010,2,21,389.57
2010,2,28,390.93
2010,3,7,391.38
2010,3,14,391.17
2010,3,21,390.29
2010,3,28,391.77
2010,4,4,391.19
2010,4,11,392.71
2010,4,18,393.3
2010,4,25,393.2
2010,5,2,393.01
2010,5,9,392.6
2010,5,16,393.42
2010,5,23,392.71
2010,5,30,393.3
2010,6,6,392.75
2010,6,13,391.85
2010,6,20,391.64
2010,6,27,391.15
2010,7,4,390.55
2010,7,11,389.85
2010,7,18,390.26
2010,7,25,389.82
2010,8,1,388.86
2010,8,8,388.82
2010,8,15,388.47
2010,8,22,387.62
2010,8,29,387.53
2010,9,5,386.14
2010,9,12,387.06
2010,9,19,386.78
2010,9,26,386.78
2010,10,3,386.95
2010,10,10,386.84
2010,10,17,387.43
2010,10,24,387.83
2010,10,31,388.05
2010,11,7,387.96
2010,11,14,388.63
2010,11,21,389.49
2010,11,28,389.66
2010,12,5,389.78
2010,12,12,389.44
2010,12,19,390.15
2010,12,26,389.94
2011,1,2,391.64
2011,1,9,390.76
2011,1,16,391.52
2011,1,23,391.37
2011,1,30,392.07
2011,2,6,391.44
2011,2,13,391.65
2011,2,20,392.05
2011,2,27,392.06
2011,3,6,391.88
2011,3,13,392.49
2011,3,20,392.89
2011,3,27,394
2011,4,3,393
2011,4,10,393.08
2011,4,17,393.55
2011,4,24,393.31
2011,5,1,394.14
2011,5,8,392.89
2011,5,15,394.91
2011,5,22,394.85
2011,5,29,394.19
2011,6,5,393.49
2011,6,12,393.79
2011,6,19,393.54
2011,6,26,393.45
2011,7,3,393.5
2011,7,10,393.29
2011,7,17,391.32
2011,7,24,391.98
2011,7,31,391.19
2011,8,7,390.6
2011,8,14,390.14
2011,8,21,389.39
2011,8,28,389.52
2011,9,4,389.04
2011,9,11,389.14
2011,9,18,389.08
2011,9,25,388.67
2011,10,2,388.77
2011,10,9,388.8
2011,10,16,389.03
2011,10,23,389.24
2011,10,30,389.61
2011,11,6,389.76
2011,11,13,390.44
2011,11,20,390.51
2011,11,27,391.15
2011,12,4,391.36
2011,12,11,392.01
2011,12,18,392.35
2011,12,25,392.2
2012,1,1,392.96
2012,1,8,393.37
2012,1,15,392.97
2012,1,22,393.34
2012,1,29,393.24
2012,2,5,393.71
2012,2,12,393.49
2012,2,19,394.44
2012,2,26,394.26
2012,3,4,393.55
2012,3,11,394.27
2012,3,18,394.79
2012,3,25,395.12
2012,4,1,395.32
2012,4,8,396.62
2012,4,15,396.16
2012,4,22,396.61
2012,4,29,396.92
2012,5,6,397.12
2012,5,13,396.99
2012,5,20,396.12
2012,5,27,396.3
2012,6,3,395.73
2012,6,10,396.24
2012,6,17,395.57
2012,6,24,395.25
2012,7,1,394.96
2012,7,8,394.36
2012,7,15,394.47
2012,7,22,394.08
2012,7,29,393.43
2012,8,5,393.24
2012,8,12,392.49
2012,8,19,391.36
2012,8,26,391.79
2012,9,2,391.86
2012,9,9,390.91
2012,9,16,390.79
2012,9,23,390.89
2012,9,30,390.81
2012,10,7,390.96
2012,10,14,390.89
2012,10,21,391.33
2012,10,28,391.56
2012,11,4,392.29
2012,11,11,393.26
2012,11,18,393.16
2012,11,25,393.71
2012,12,2,393.64
2012,12,9,394.4
2012,12,16,394.53
2012,12,23,394.84
2012,12,30,394.5
2013,1,6,395.34
2013,1,13,395.98
2013,1,20,395.78
2013,1,27,395.77
2013,2,3,396.63
2013,2,10,396.97
2013,2,17,397.15
2013,2,24,396.73
2013,3,3,397.65
2013,3,10,396.94
2013,3,17,397.36
2013,3,24,397.96
2013,3,31,398.07
2013,4,7,397.76
2013,4,14,397.96
2013,4,21,399.2
2013,4,28,399.53
2013,5,5,399.52
2013,5,12,399.74
2013,5,19,399.93
2013,5,26,399.88
2013,6,2,399.18
2013,6,9,398.61
2013,6,16,398.14
2013,6,23,398.64
2013,6,30,398.24
2013,7,7,397.74
2013,7,14,397.08
2013,7,21,396.82
2013,7,28,396.68
2013,8,4,395.67
2013,8,11,395.13
2013,8,18,395.15
2013,8,25,394.22
2013,9,1,393.85
2013,9,8,393.35
2013,9,15,393.3
2013,9,22,393.38
2013,9,29,393.31
2013,10,6,393.34
2013,10,13,393.68
2013,10,20,393.98
2013,10,27,394.24
2013,11,3,394.46
2013,11,10,395.53
2013,11,17,394.87
2013,11,24,396
2013,12,1,396.26
2013,12,8,396.14
2013,12,15,397.43
2013,12,22,397.27
2013,12,29,397.41
2014,1,5,398.23
2014,1,12,397.74
2014,1,19,397.97
2014,1,26,397.83
2014,2,2,397.96
2014,2,9,397.87
2014,2,16,398.08
2014,2,23,397.97
2014,3,2,398.43
2014,3,9,399.8
2014,3,16,401.24
2014,3,23,400.06
2014,3,30,400.62
2014,4,6,401.12
2014,4,13,401.74
2014,4,20,401.59
2014,4,27,401.74
2014,5,4,401.71
2014,5,11,401.71
2014,5,18,401.75
2014,5,25,401.82
2014,6,1,401.82
2014,6,8,401.5
2014,6,15,401.03
2014,6,22,400.94
2014,6,29,400.22
2014,7,6,399.84
2014,7,13,398.76
2014,7,20,398.84
2014,7,27,397.42
2014,8,3,397.78
2014,8,10,397.23
2014,8,17,396.77
2014,8,24,396.32
2014,8,31,396.37
2014,9,7,395.02
2014,9,14,395.08
2014,9,21,395.45
2014,9,28,395.33
2014,10,5,395.56
2014,10,12,395.65
2014,10,19,395.86
2014,10,26,397.51
2014,11,2,396.77
2014,11,9,397.22
2014,11,16,397.32
2014,11,23,397.87
2014,11,30,398.2
2014,12,7,399.12
2014,12,14,399.11
2014,12,21,398.92
2014,12,28,399.84
2015,1,4,399.85
2015,1,11,400.16
2015,1,18,399.51
2015,1,25,400.2
2015,2,1,400.23
2015,2,8,399.95
2015,2,15,399.93
2015,2,22,401.12
2015,3,1,401.28
2015,3,8,402.04
2015,3,15,400.78
2015,3,22,401.77
2015,3,29,401.96
2015,4,5,403.44
2015,4,12,404.04
2015,4,19,403.07
2015,4,26,403.8
2015,5,3,404.13
2015,5,10,403.96
2015,5,17,403.97
2015,5,24,403.81
2015,5,31,403.21
2015,6,7,403.24
2015,6,14,402.39
2015,6,21,402.7
2015,6,28,402.17
2015,7,5,401.73
2015,7,12,401.39
2015,7,19,401.25
2015,7,26,400.21
2015,8,2,398.36
2015,8,9,399.19
2015,8,16,399.14
2015,8,23,398.85
2015,8,30,398.49
2015,9,6,397.77
2015,9,13,397.24
2015,9,20,397.33
2015,9,27,397.2
2015,10,4,398.37
2015,10,11,398.18
2015,10,18,398.52
2015,10,25,398.48
2015,11,1,399.06
2015,11,8,400.43
2015,11,15,400.35
2015,11,22,400.37
2015,11,29,400.8
2015,12,6,401.31
2015,12,13,402.35
2015,12,20,402.6
2015,12,27,402.08
2016,1,3,402.15
2016,1,10,402.48
2016,1,17,402.61
2016,1,24,403.15
2016,1,31,404.6
2016,2,7,403.86
2016,2,14,403.68
2016,2,21,404.39
2016,2,28,404.17
2016,3,6,404
2016,3,13,404.78
2016,3,20,405.66
2016,3,27,405.45
2016,4,3,406.6
2016,4,10,408.72
2016,4,17,407.45
2016,4,24,407.81
2016,5,1,407.56
2016,5,8,407.86
2016,5,15,407.31
2016,5,22,408.33
2016,5,29,407.55
2016,6,5,406.88
2016,6,12,407.22
2016,6,19,406.66
2016,6,26,405.99
2016,7,3,405.59
2016,7,10,404.5
2016,7,17,403.41
2016,7,24,403.85
2016,7,31,403.49
2016,8,7,402.9
2016,8,14,401.87
2016,8,21,401.99
2016,8,28,401
2016,9,4,400.99
2016,9,11,401.35
2016,9,18,400.89
2016,9,25,400.74
2016,10,2,400.93
2016,10,9,401.59
2016,10,16,401.67
2016,10,23,402.09
2016,10,30,402.83
2016,11,6,402.78
2016,11,13,403.76
2016,11,20,404
2016,11,27,404.4
2016,12,4,403.89
2016,12,11,404.79
2016,12,18,404.43
2016,12,25,404.78
2017,1,1,405.95
2017,1,8,406.02
2017,1,15,406.18
2017,1,22,406.52
2017,1,29,406.24
2017,2,5,406.07
2017,2,12,405.95
2017,2,19,406.95
2017,2,26,407.41
2017,3,5,406.15
2017,3,12,407.1
2017,3,19,406.82
2017,3,26,408.41
2017,4,2,407.64
2017,4,9,408.89
2017,4,16,409.65
2017,4,23,409.96
2017,4,30,409.17
2017,5,7,409.32
2017,5,14,410.4
2017,5,21,410
2017,5,28,409.57
2017,6,4,409.69
2017,6,11,409.43
2017,6,18,408.31
2017,6,25,407.76
2017,7,2,408.04
2017,7,9,407.06
2017,7,16,406.81
2017,7,23,406.73
2017,7,30,406.47
2017,8,6,405.53
2017,8,13,405.2
2017,8,20,404.54
2017,8,27,404.23
2017,9,3,403.7
2017,9,10,403.68
2017,9,17,403.05
2017,9,24,402.76
2017,10,1,402.95
2017,10,8,403.4
2017,10,15,403.95
2017,10,22,404
2017,10,29,404.15
2017,11,5,404.25
2017,11,12,405.07
2017,11,19,406.12
2017,11,26,406.33
2017,12,3,406.74
2017,12,10,406.53
2017,12,17,406.83
2017,12,24,407.21
2017,12,31,407.37
2018,1,7,408.14
2018,1,14,407.89
2018,1,21,408.27
2018,1,28,407.88
2018,2,4,408.2
2018,2,11,408.37
2018,2,18,408.45
2018,2,25,408.9
2018,3,4,409.83
2018,3,11,408.84
2018,3,18,409.12
2018,3,25,410.03
2018,4,1,409.2
2018,4,8,409.45
2018,4,15,411.05
2018,4,22,411.67
2018,4,29,409.62
2018,5,6,411.06
2018,5,13,411.85
2018,5,20,411.45
2018,5,27,411.39
2018,6,3,410.94
2018,6,10,411.16
2018,6,17,410.36
2018,6,24,410.57
2018,7,1,409.38
2018,7,8,409.16
2018,7,15,408.54
2018,7,22,408.28
2018,7,29,407.46
2018,8,5,407.23
2018,8,12,407.07
2018,8,19,406.84
2018,8,26,406.26
2018,9,2,405.47
2018,9,9,405.39
2018,9,16,405.69
2018,9,23,405.54
2018,9,30,405.5
2018,10,7,405.58
2018,10,14,406
2018,10,21,406.62
2018,10,28,406.48
2018,11,4,406.99
2018,11,11,408.72
2018,11,18,408.6
2018,11,25,408.38
2018,12,2,408.49
2018,12,9,409.4
2018,12,16,409.3
2018,12,23,409.13
2018,12,30,409.6
2019,1,6,410.67
2019,1,13,410.4
2019,1,20,411.99
2019,1,27,411.02
2019,2,3,411.63
2019,2,10,412.41
2019,2,17,410.98
2019,2,24,412.4
2019,3,3,412.14
2019,3,10,412.16
2019,3,17,411.82
2019,3,24,411.32
2019,3,31,412.21
2019,4,7,413.13
2019,4,14,413.59
2019,4,21,413.77
2019,4,28,414.32
2019,5,5,414.37
2019,5,12,415.39
2019,5,19,414.74
2019,5,26,414.3
2019,6,2,414.41
2019,6,9,414.08
2019,6,16,413.85
2019,6,23,413.35
2019,6,30,413.38
2019,7,7,412.05
2019,7,14,412.14
2019,7,21,410.87
2019,7,28,410.2
2019,8,4,410.34
2019,8,11,410.24
2019,8,18,409.57
2019,8,25,409.45
2019,9,1,408.8
2019,9,8,408.59
2019,9,15,408.5
2019,9,22,408.32